customer_id,gender,age,city,signup_date,loyalty_member,age_group
C0001,Male,19,Liverpool,2023-10-17,Yes,Teenager
C0002,Male,65,Manchester,2022-08-17,Yes,Senior
C0003,Female,20,London,2023-08-28,Yes,"Young Adult"
C0004,Male,50,London,2022-08-12,Yes,Middle-Aged
C0005,Female,32,Nottingham,2023-10-28,No,Adult
C0006,Male,62,Sheffield,2022-01-07,No,Senior
C0007,Male,31,Bristol,2022-10-12,Yes,Adult
C0008,Female,24,Bristol,2022-04-05,No,"Young Adult"
C0009,Female,20,Nottingham,2023-09-11,Yes,"Young Adult"
C0010,Male,53,Liverpool,2023-01-23,No,Middle-Aged
C0011,Male,63,Manchester,2023-08-15,Yes,Senior
C0012,Male,36,Manchester,2023-11-09,Yes,Adult
C0013,Female,35,Nottingham,2022-04-14,No,Adult
C0014,Female,40,Leeds,2022-06-16,No,Middle-Aged
C0015,Male,56,Birmingham,2023-12-01,Yes,Middle-Aged
C0016,Female,42,Liverpool,2022-06-17,Yes,Middle-Aged
C0017,Male,32,London,2022-11-29,No,Adult
C0018,Female,22,Leeds,2023-02-15,No,"Young Adult"
C0019,Female,43,Nottingham,2022-08-06,Yes,Middle-Aged
C0020,Male,33,Liverpool,2022-09-29,No,Adult
C0021,Female,41,Leeds,2023-08-21,Yes,Middle-Aged
C0022,Female,23,London,2023-06-06,Yes,"Young Adult"
C0023,Male,61,Sheffield,2022-06-06,Yes,Senior
C0024,Female,56,Nottingham,2023-01-30,No,Middle-Aged
C0025,Male,61,Manchester,2023-07-21,No,Senior
C0026,Female,25,Liverpool,2023-10-19,No,"Young Adult"
C0027,Female,18,Liverpool,2022-06-11,Yes,Teenager
C0028,Male,58,Liverpool,2023-06-04,Yes,Middle-Aged
C0029,Female,28,London,2022-06-06,No,"Young Adult"
C0030,Male,25,Bristol,2023-05-16,No,"Young Adult"
C0031,Male,33,Manchester,2022-09-03,Yes,Adult
C0032,Male,52,Birmingham,2023-05-13,Yes,Middle-Aged
C0033,Female,53,Birmingham,2023-11-07,No,Middle-Aged
C0034,Female,31,Leeds,2023-06-25,No,Adult
C0035,Female,46,Nottingham,2023-02-13,Yes,Middle-Aged
C0036,Male,22,Bristol,2022-09-11,Yes,"Young Adult"
C0037,Male,55,Leeds,2023-08-26,Yes,Middle-Aged
C0038,Male,32,Manchester,2022-03-14,Yes,Adult
C0039,Male,50,Leeds,2022-12-05,No,Middle-Aged
C0040,Female,31,Birmingham,2023-11-17,No,Adult
C0041,Female,44,Leeds,2022-09-06,Yes,Middle-Aged
C0042,Female,40,Sheffield,2022-04-10,No,Middle-Aged
C0043,Male,61,Manchester,2023-04-24,Yes,Senior
C0044,Female,24,Leeds,2023-02-17,Yes,"Young Adult"
C0045,Female,26,Sheffield,2022-07-14,Yes,"Young Adult"
C0046,Female,33,Manchester,2022-10-13,No,Adult
C0047,Male,21,London,2023-07-18,Yes,"Young Adult"
C0048,Male,44,Nottingham,2022-08-31,No,Middle-Aged
C0049,Female,21,Birmingham,2022-08-07,No,"Young Adult"
C0050,Female,34,Nottingham,2022-01-03,No,Adult
C0051,Female,27,Leeds,2023-03-10,No,"Young Adult"
C0052,Male,55,London,2022-08-11,No,Middle-Aged
C0053,Male,55,Nottingham,2022-02-28,Yes,Middle-Aged
C0054,Male,29,Manchester,2022-02-28,Yes,"Young Adult"
C0055,Male,43,Manchester,2023-11-23,Yes,Middle-Aged
C0056,Male,57,Manchester,2023-08-16,No,Middle-Aged
C0057,Female,34,Leeds,2023-11-05,No,Adult
C0058,Female,43,Birmingham,2022-09-02,No,Middle-Aged
C0059,Female,22,London,2023-04-14,No,"Young Adult"
C0060,Male,22,Leeds,2023-09-29,No,"Young Adult"
C0061,Female,22,Leeds,2022-05-16,No,"Young Adult"
C0062,Male,46,Liverpool,2022-10-19,Yes,Middle-Aged
C0063,Female,60,Manchester,2023-11-15,Yes,Senior
C0064,Male,24,Birmingham,2022-09-28,No,"Young Adult"
C0065,Male,63,Bristol,2022-10-16,Yes,Senior
C0066,Female,50,Nottingham,2023-10-12,No,Middle-Aged
C0067,Male,58,Sheffield,2022-02-22,No,Middle-Aged
C0068,Male,39,Birmingham,2022-02-15,No,Adult
C0069,Female,53,Sheffield,2022-06-15,Yes,Middle-Aged
C0070,Male,62,Birmingham,2022-04-25,Yes,Senior
C0071,Male,45,Birmingham,2023-01-14,Yes,Middle-Aged
C0072,Female,20,Bristol,2022-11-12,Yes,"Young Adult"
C0073,Male,60,Manchester,2023-11-30,No,Senior
C0074,Female,57,Birmingham,2023-07-28,Yes,Middle-Aged
C0075,Male,44,London,2022-06-16,Yes,Middle-Aged
C0076,Female,60,Leeds,2022-12-07,No,Senior
C0077,Male,42,London,2022-06-13,No,Middle-Aged
C0078,Male,47,Bristol,2022-08-16,No,Middle-Aged
C0079,Male,19,Leeds,2022-08-22,No,Teenager
C0080,Female,22,Liverpool,2022-12-03,No,"Young Adult"
C0081,Female,61,Bristol,2023-10-19,Yes,Senior
C0082,Female,29,Liverpool,2022-04-29,Yes,"Young Adult"
C0083,Female,40,Bristol,2022-04-22,No,Middle-Aged
C0084,Male,42,Leeds,2023-09-13,No,Middle-Aged
C0085,Female,18,Leeds,2022-02-15,No,Teenager
C0086,Male,60,Bristol,2023-03-18,No,Senior
C0087,Male,64,Liverpool,2023-11-11,No,Senior
C0088,Female,38,Sheffield,2023-11-14,No,Adult
C0089,Male,30,Sheffield,2023-07-22,No,Adult
C0090,Male,57,Liverpool,2023-11-25,No,Middle-Aged
C0091,Male,37,Liverpool,2023-07-16,Yes,Adult
C0092,Female,47,Nottingham,2023-03-17,No,Middle-Aged
C0093,Male,50,Nottingham,2023-11-23,Yes,Middle-Aged
C0094,Male,36,Bristol,2023-11-06,Yes,Adult
C0095,Female,32,Leeds,2022-08-29,Yes,Adult
C0096,Male,33,Nottingham,2022-01-26,Yes,Adult
C0097,Female,58,Leeds,2023-04-12,No,Middle-Aged
C0098,Female,33,Birmingham,2023-05-22,Yes,Adult
C0099,Female,32,Birmingham,2022-04-20,No,Adult
C0100,Male,25,Nottingham,2022-02-21,Yes,"Young Adult"
C0101,Female,46,Sheffield,2023-04-21,No,Middle-Aged
C0102,Female,46,Liverpool,2022-06-12,Yes,Middle-Aged
C0103,Female,51,Nottingham,2023-10-15,Yes,Middle-Aged
C0104,Female,22,Liverpool,2022-10-09,Yes,"Young Adult"
C0105,Female,38,Manchester,2022-10-06,Yes,Adult
C0106,Male,42,Birmingham,2022-06-04,Yes,Middle-Aged
C0107,Female,44,Bristol,2022-03-07,No,Middle-Aged
C0108,Male,31,Sheffield,2023-03-02,No,Adult
C0109,Male,54,Sheffield,2023-08-22,No,Middle-Aged
C0110,Female,37,Sheffield,2022-01-07,No,Adult
C0111,Male,49,Leeds,2023-07-06,No,Middle-Aged
C0112,Female,19,Sheffield,2023-03-23,No,Teenager
C0113,Female,64,Birmingham,2023-11-16,No,Senior
C0114,Male,43,London,2022-05-11,Yes,Middle-Aged
C0115,Female,26,Nottingham,2023-10-21,Yes,"Young Adult"
C0116,Female,42,Bristol,2022-02-21,Yes,Middle-Aged
C0117,Female,39,Sheffield,2023-04-11,No,Adult
C0118,Female,23,Nottingham,2023-03-08,Yes,"Young Adult"
C0119,Male,40,Leeds,2023-07-07,Yes,Middle-Aged
C0120,Male,19,Leeds,2023-10-30,Yes,Teenager
C0121,Male,33,Birmingham,2022-01-21,No,Adult
C0122,Male,54,Leeds,2023-11-17,No,Middle-Aged
C0123,Female,28,Manchester,2022-09-20,Yes,"Young Adult"
C0124,Male,55,London,2022-11-15,No,Middle-Aged
C0125,Female,43,Leeds,2023-08-13,Yes,Middle-Aged
C0126,Male,24,Liverpool,2023-08-30,Yes,"Young Adult"
C0127,Male,40,Sheffield,2023-08-03,No,Middle-Aged
C0128,Female,18,Sheffield,2022-03-12,No,Teenager
C0129,Female,41,Nottingham,2022-04-19,Yes,Middle-Aged
C0130,Male,64,Liverpool,2023-03-22,No,Senior
C0131,Female,64,Liverpool,2023-04-22,No,Senior
C0132,Male,35,Nottingham,2022-09-09,Yes,Adult
C0133,Female,39,London,2023-04-21,No,Adult
C0134,Male,49,Leeds,2022-11-29,No,Middle-Aged
C0135,Female,35,Liverpool,2022-09-22,Yes,Adult
C0136,Male,23,Leeds,2023-06-14,No,"Young Adult"
C0137,Male,62,Nottingham,2023-05-16,No,Senior
C0138,Male,23,Liverpool,2023-04-04,Yes,"Young Adult"
C0139,Male,37,Bristol,2023-02-19,No,Adult
C0140,Female,45,Bristol,2023-07-21,No,Middle-Aged
C0141,Female,37,Liverpool,2023-04-10,Yes,Adult
C0142,Male,38,Manchester,2022-05-04,Yes,Adult
C0143,Male,65,Nottingham,2022-07-16,No,Senior
C0144,Female,24,Leeds,2023-08-27,No,"Young Adult"
C0145,Female,29,Liverpool,2022-08-21,Yes,"Young Adult"
C0146,Male,35,London,2023-07-01,Yes,Adult
C0147,Female,62,Birmingham,2023-07-21,No,Senior
C0148,Male,54,Liverpool,2022-04-16,No,Middle-Aged
C0149,Female,39,Birmingham,2023-05-06,Yes,Adult
C0150,Female,25,Manchester,2022-09-16,No,"Young Adult"
C0151,Male,54,London,2023-05-19,Yes,Middle-Aged
C0152,Female,23,Leeds,2022-06-02,Yes,"Young Adult"
C0153,Female,56,Leeds,2023-07-26,No,Middle-Aged
C0154,Female,37,Sheffield,2023-04-07,No,Adult
C0155,Male,57,Manchester,2023-08-06,Yes,Middle-Aged
C0156,Male,34,Manchester,2023-10-03,Yes,Adult
C0157,Male,53,Manchester,2022-09-03,Yes,Middle-Aged
C0158,Female,46,Nottingham,2022-01-03,No,Middle-Aged
C0159,Male,36,Liverpool,2022-02-03,No,Adult
C0160,Male,34,Leeds,2022-03-14,No,Adult
C0161,Male,59,Birmingham,2022-04-28,No,Middle-Aged
C0162,Male,21,Birmingham,2022-05-26,No,"Young Adult"
C0163,Female,46,Manchester,2023-09-02,No,Middle-Aged
C0164,Female,35,Nottingham,2022-11-08,No,Adult
C0165,Male,45,Bristol,2022-03-24,No,Middle-Aged
C0166,Male,32,London,2022-01-27,No,Adult
C0167,Male,29,Nottingham,2023-08-14,No,"Young Adult"
C0168,Male,55,Sheffield,2022-10-12,No,Middle-Aged
C0169,Female,40,Sheffield,2022-04-04,No,Middle-Aged
C0170,Male,28,Bristol,2022-11-25,No,"Young Adult"
C0171,Female,60,Sheffield,2023-05-23,Yes,Senior
C0172,Male,38,Liverpool,2023-04-11,No,Adult
C0173,Female,50,London,2022-04-29,No,Middle-Aged
C0174,Male,30,Bristol,2023-02-28,No,Adult
C0175,Female,21,Leeds,2023-10-03,No,"Young Adult"
C0176,Male,36,Nottingham,2023-07-17,No,Adult
C0177,Male,58,Leeds,2022-05-05,Yes,Middle-Aged
C0178,Male,53,Sheffield,2022-11-15,Yes,Middle-Aged
C0179,Male,47,Manchester,2022-08-19,Yes,Middle-Aged
C0180,Female,50,Liverpool,2023-05-26,No,Middle-Aged
C0181,Female,33,Nottingham,2023-05-10,Yes,Adult
C0182,Male,56,Birmingham,2023-01-28,Yes,Middle-Aged
C0183,Female,39,Liverpool,2022-10-10,Yes,Adult
C0184,Female,55,Nottingham,2022-10-17,Yes,Middle-Aged
C0185,Female,40,Bristol,2023-04-03,No,Middle-Aged
C0186,Female,30,Leeds,2023-04-12,No,Adult
C0187,Female,20,Bristol,2022-08-28,No,"Young Adult"
C0188,Female,60,Birmingham,2023-01-26,No,Senior
C0189,Male,50,Bristol,2022-02-07,Yes,Middle-Aged
C0190,Male,51,Nottingham,2023-03-27,Yes,Middle-Aged
C0191,Female,59,Birmingham,2022-05-28,Yes,Middle-Aged
C0192,Female,39,Sheffield,2023-04-26,Yes,Adult
C0193,Female,38,Nottingham,2022-12-03,Yes,Adult
C0194,Male,33,Liverpool,2023-09-25,Yes,Adult
C0195,Female,24,Manchester,2022-04-03,No,"Young Adult"
C0196,Female,19,London,2022-06-20,No,Teenager
C0197,Female,40,Bristol,2022-02-27,No,Middle-Aged
C0198,Male,51,Sheffield,2022-05-30,Yes,Middle-Aged
C0199,Male,23,Sheffield,2022-06-24,Yes,"Young Adult"
C0200,Male,32,Nottingham,2023-05-25,No,Adult
C0201,Female,60,London,2023-04-16,No,Senior
C0202,Male,22,Nottingham,2022-10-22,No,"Young Adult"
C0203,Female,58,Sheffield,2023-08-25,No,Middle-Aged
C0204,Female,30,Sheffield,2023-04-13,No,Adult
C0205,Male,42,Bristol,2022-04-20,No,Middle-Aged
C0206,Male,60,Sheffield,2022-10-30,No,Senior
C0207,Male,56,Nottingham,2022-01-09,No,Middle-Aged
C0208,Female,32,Leeds,2022-08-24,No,Adult
C0209,Male,58,Manchester,2023-11-26,Yes,Middle-Aged
C0210,Female,20,Bristol,2022-11-13,Yes,"Young Adult"
C0211,Female,38,Sheffield,2022-04-03,Yes,Adult
C0212,Male,52,Bristol,2022-07-25,No,Middle-Aged
C0213,Female,48,Liverpool,2022-06-18,No,Middle-Aged
C0214,Female,22,Birmingham,2022-04-28,Yes,"Young Adult"
C0215,Female,53,Bristol,2023-11-24,Yes,Middle-Aged
C0216,Male,34,Manchester,2023-02-09,No,Adult
C0217,Female,55,Sheffield,2023-01-13,No,Middle-Aged
C0218,Male,48,London,2022-04-21,No,Middle-Aged
C0219,Male,59,Manchester,2023-09-17,No,Middle-Aged
C0220,Female,25,Birmingham,2022-11-06,Yes,"Young Adult"
C0221,Female,49,Manchester,2022-02-08,Yes,Middle-Aged
C0222,Male,42,Nottingham,2022-08-29,No,Middle-Aged
C0223,Female,55,Birmingham,2023-11-18,No,Middle-Aged
C0224,Male,49,Sheffield,2023-11-02,No,Middle-Aged
C0225,Female,31,Nottingham,2022-02-03,No,Adult
C0226,Female,24,Bristol,2022-08-30,No,"Young Adult"
C0227,Female,35,Leeds,2022-03-04,Yes,Adult
C0228,Male,60,Leeds,2023-04-11,Yes,Senior
C0229,Female,33,Birmingham,2022-02-21,Yes,Adult
C0230,Male,55,Leeds,2022-03-12,Yes,Middle-Aged
C0231,Male,56,London,2022-12-03,No,Middle-Aged
C0232,Male,52,Liverpool,2022-05-29,Yes,Middle-Aged
C0233,Male,26,London,2022-04-23,No,"Young Adult"
C0234,Female,19,Birmingham,2022-09-01,No,Teenager
C0235,Male,65,Sheffield,2022-02-23,Yes,Senior
C0236,Female,46,Bristol,2022-03-07,Yes,Middle-Aged
C0237,Male,57,London,2023-04-08,No,Middle-Aged
C0238,Male,21,Nottingham,2023-04-15,No,"Young Adult"
C0239,Male,49,Nottingham,2023-03-13,Yes,Middle-Aged
C0240,Female,56,Birmingham,2022-03-24,Yes,Middle-Aged
C0241,Female,57,Bristol,2022-05-10,No,Middle-Aged
C0242,Female,47,Sheffield,2023-09-04,Yes,Middle-Aged
C0243,Male,45,Nottingham,2022-04-28,Yes,Middle-Aged
C0244,Female,47,Sheffield,2023-02-28,No,Middle-Aged
C0245,Female,45,Bristol,2022-04-08,No,Middle-Aged
C0246,Male,61,Nottingham,2023-01-19,Yes,Senior
C0247,Male,23,Sheffield,2022-04-04,Yes,"Young Adult"
C0248,Male,53,London,2023-01-17,No,Middle-Aged
C0249,Male,44,Bristol,2023-11-18,No,Middle-Aged
C0250,Female,56,Liverpool,2022-02-22,No,Middle-Aged
C0251,Male,27,Nottingham,2022-04-17,Yes,"Young Adult"
C0252,Female,53,Bristol,2022-04-21,Yes,Middle-Aged
C0253,Male,45,London,2022-10-13,No,Middle-Aged
C0254,Male,35,Liverpool,2022-01-30,No,Adult
C0255,Male,29,Birmingham,2022-12-26,No,"Young Adult"
C0256,Male,65,London,2022-03-13,Yes,Senior
C0257,Male,42,Sheffield,2023-06-28,No,Middle-Aged
C0258,Male,41,Liverpool,2022-12-16,No,Middle-Aged
C0259,Male,21,Birmingham,2023-08-05,Yes,"Young Adult"
C0260,Male,61,Manchester,2023-09-25,No,Senior
C0261,Female,49,Nottingham,2023-03-30,No,Middle-Aged
C0262,Male,50,Manchester,2022-10-07,No,Middle-Aged
C0263,Male,36,Nottingham,2023-03-17,No,Adult
C0264,Male,43,London,2022-02-16,Yes,Middle-Aged
C0265,Female,31,Birmingham,2022-07-29,No,Adult
C0266,Female,25,London,2022-10-24,No,"Young Adult"
C0267,Male,26,Sheffield,2023-03-17,Yes,"Young Adult"
C0268,Female,22,Sheffield,2023-05-28,Yes,"Young Adult"
C0269,Male,47,Manchester,2023-03-23,No,Middle-Aged
C0270,Female,54,Sheffield,2023-08-13,No,Middle-Aged
C0271,Male,43,London,2022-10-24,No,Middle-Aged
C0272,Female,62,Bristol,2022-06-25,Yes,Senior
C0273,Male,33,Sheffield,2023-03-24,No,Adult
C0274,Male,43,Liverpool,2023-06-21,No,Middle-Aged
C0275,Female,28,Manchester,2022-08-15,Yes,"Young Adult"
C0276,Male,40,Bristol,2023-06-28,Yes,Middle-Aged
C0277,Male,27,Liverpool,2022-08-30,Yes,"Young Adult"
C0278,Male,59,Manchester,2022-06-27,Yes,Middle-Aged
C0279,Female,47,Nottingham,2023-10-06,No,Middle-Aged
C0280,Female,27,Nottingham,2023-10-05,Yes,"Young Adult"
C0281,Female,58,Liverpool,2023-04-26,No,Middle-Aged
C0282,Male,40,Manchester,2023-08-29,No,Middle-Aged
C0283,Female,20,London,2023-04-18,No,"Young Adult"
C0284,Male,59,Manchester,2022-10-21,No,Middle-Aged
C0285,Male,46,Leeds,2023-04-19,No,Middle-Aged
C0286,Female,50,Birmingham,2023-09-12,Yes,Middle-Aged
C0287,Male,39,Manchester,2023-04-07,Yes,Adult
C0288,Male,63,Nottingham,2022-02-10,No,Senior
C0289,Male,41,Bristol,2023-06-21,No,Middle-Aged
C0290,Female,39,London,2023-02-01,No,Adult
C0291,Female,24,Sheffield,2022-03-09,No,"Young Adult"
C0292,Male,39,Manchester,2022-09-16,Yes,Adult
C0293,Female,59,Sheffield,2022-12-25,Yes,Middle-Aged
C0294,Male,37,Sheffield,2023-09-02,No,Adult
C0295,Male,59,Sheffield,2022-05-11,No,Middle-Aged
C0296,Female,37,Birmingham,2022-01-19,Yes,Adult
C0297,Female,30,Leeds,2022-12-16,Yes,Adult
C0298,Male,36,Manchester,2022-06-08,Yes,Adult
C0299,Female,57,Birmingham,2023-11-09,No,Middle-Aged
C0300,Male,29,Birmingham,2022-06-07,No,"Young Adult"
C0301,Female,41,Leeds,2022-02-14,No,Middle-Aged
C0302,Female,65,Nottingham,2023-09-18,Yes,Senior
C0303,Male,37,Nottingham,2023-07-01,Yes,Adult
C0304,Female,47,Liverpool,2023-01-12,No,Middle-Aged
C0305,Female,28,Leeds,2023-05-30,Yes,"Young Adult"
C0306,Male,59,Nottingham,2022-09-14,No,Middle-Aged
C0307,Male,63,Manchester,2023-07-22,No,Senior
C0308,Male,35,Nottingham,2022-03-27,Yes,Adult
C0309,Male,32,Nottingham,2023-03-24,No,Adult
C0310,Female,21,Sheffield,2022-01-28,No,"Young Adult"
C0311,Female,23,Bristol,2022-08-30,Yes,"Young Adult"
C0312,Female,24,Bristol,2022-01-29,Yes,"Young Adult"
C0313,Male,36,Nottingham,2022-05-21,Yes,Adult
C0314,Female,57,London,2023-04-26,Yes,Middle-Aged
C0315,Female,31,Birmingham,2022-01-20,No,Adult
C0316,Female,33,Liverpool,2022-04-24,Yes,Adult
C0317,Male,44,Nottingham,2022-02-18,Yes,Middle-Aged
C0318,Female,56,London,2022-04-24,Yes,Middle-Aged
C0319,Female,45,London,2022-05-28,No,Middle-Aged
C0320,Female,29,Manchester,2022-09-04,No,"Young Adult"
C0321,Male,42,Nottingham,2022-03-11,Yes,Middle-Aged
C0322,Female,41,Liverpool,2023-10-13,Yes,Middle-Aged
C0323,Male,40,Leeds,2023-01-01,Yes,Middle-Aged
C0324,Female,26,London,2023-08-19,No,"Young Adult"
C0325,Female,59,Birmingham,2023-07-14,No,Middle-Aged
C0326,Male,26,Manchester,2023-05-06,No,"Young Adult"
C0327,Female,30,London,2022-02-07,Yes,Adult
C0328,Female,37,Sheffield,2022-02-12,No,Adult
C0329,Male,59,Leeds,2022-09-17,No,Middle-Aged
C0330,Male,59,Bristol,2023-01-01,No,Middle-Aged
C0331,Female,45,Sheffield,2022-05-08,No,Middle-Aged
C0332,Female,29,Nottingham,2023-01-31,No,"Young Adult"
C0333,Female,23,Sheffield,2023-01-12,Yes,"Young Adult"
C0334,Male,52,Liverpool,2023-03-17,No,Middle-Aged
C0335,Male,38,Liverpool,2022-04-16,No,Adult
C0336,Female,28,Nottingham,2023-04-02,No,"Young Adult"
C0337,Male,64,Bristol,2023-04-03,No,Senior
C0338,Male,22,Sheffield,2022-10-09,No,"Young Adult"
C0339,Male,19,Birmingham,2023-06-10,No,Teenager
C0340,Male,22,Leeds,2022-02-05,No,"Young Adult"
C0341,Female,54,London,2023-01-06,Yes,Middle-Aged
C0342,Female,41,Bristol,2023-11-27,No,Middle-Aged
C0343,Male,51,Bristol,2022-03-20,No,Middle-Aged
C0344,Female,33,Manchester,2022-11-18,Yes,Adult
C0345,Female,51,Sheffield,2022-07-10,Yes,Middle-Aged
C0346,Female,63,Nottingham,2022-09-26,Yes,Senior
C0347,Female,62,Nottingham,2023-09-19,Yes,Senior
C0348,Male,22,Nottingham,2022-05-06,Yes,"Young Adult"
C0349,Male,61,Bristol,2023-04-01,No,Senior
C0350,Female,37,Birmingham,2022-03-08,Yes,Adult
C0351,Male,25,Leeds,2023-01-06,Yes,"Young Adult"
C0352,Female,19,Bristol,2022-08-31,No,Teenager
C0353,Male,57,Manchester,2023-04-24,Yes,Middle-Aged
C0354,Female,63,Nottingham,2022-11-13,No,Senior
C0355,Male,26,Bristol,2023-02-24,Yes,"Young Adult"
C0356,Female,61,Bristol,2023-04-06,Yes,Senior
C0357,Male,26,Sheffield,2023-07-19,Yes,"Young Adult"
C0358,Male,37,Birmingham,2022-05-08,Yes,Adult
C0359,Male,40,Liverpool,2022-11-27,Yes,Middle-Aged
C0360,Male,58,Liverpool,2022-09-14,Yes,Middle-Aged
C0361,Female,57,Manchester,2023-10-03,Yes,Middle-Aged
C0362,Male,28,Bristol,2023-08-30,Yes,"Young Adult"
C0363,Male,20,Liverpool,2022-01-30,Yes,"Young Adult"
C0364,Female,57,London,2023-08-09,No,Middle-Aged
C0365,Female,59,Liverpool,2023-10-05,No,Middle-Aged
C0366,Female,37,Nottingham,2022-09-08,Yes,Adult
C0367,Male,46,Sheffield,2022-03-03,No,Middle-Aged
C0368,Male,39,Birmingham,2023-04-21,No,Adult
C0369,Female,43,Birmingham,2022-11-23,No,Middle-Aged
C0370,Male,38,Leeds,2023-06-12,No,Adult
C0371,Female,46,Leeds,2022-05-06,Yes,Middle-Aged
C0372,Male,36,Sheffield,2022-04-10,No,Adult
C0373,Male,38,Bristol,2022-09-12,Yes,Adult
C0374,Female,50,Nottingham,2022-06-13,No,Middle-Aged
C0375,Female,19,Manchester,2022-11-12,No,Teenager
C0376,Female,33,Leeds,2023-06-02,No,Adult
C0377,Male,36,Nottingham,2022-02-19,No,Adult
C0378,Male,24,Sheffield,2022-10-20,Yes,"Young Adult"
C0379,Female,43,Bristol,2022-09-28,Yes,Middle-Aged
C0380,Male,54,Leeds,2023-02-15,No,Middle-Aged
C0381,Female,22,Sheffield,2023-07-21,No,"Young Adult"
C0382,Female,57,Manchester,2023-07-18,Yes,Middle-Aged
C0383,Female,41,Bristol,2022-04-10,No,Middle-Aged
C0384,Male,56,Sheffield,2022-05-28,Yes,Middle-Aged
C0385,Male,26,Bristol,2022-02-16,No,"Young Adult"
C0386,Female,27,Birmingham,2023-06-16,No,"Young Adult"
C0387,Female,28,Sheffield,2023-09-20,No,"Young Adult"
C0388,Female,50,Nottingham,2023-08-31,No,Middle-Aged
C0389,Male,41,Bristol,2023-05-02,Yes,Middle-Aged
C0390,Female,64,London,2023-03-03,No,Senior
C0391,Male,64,London,2022-09-29,No,Senior
C0392,Female,27,Leeds,2022-06-24,Yes,"Young Adult"
C0393,Male,30,London,2023-08-10,No,Adult
C0394,Female,27,Sheffield,2022-11-18,Yes,"Young Adult"
C0395,Female,65,London,2023-02-25,Yes,Senior
C0396,Male,53,Bristol,2023-06-16,No,Middle-Aged
C0397,Female,38,Birmingham,2023-06-23,No,Adult
C0398,Female,52,Bristol,2023-06-30,No,Middle-Aged
C0399,Female,30,Leeds,2023-09-17,No,Adult
C0400,Female,32,Liverpool,2023-07-26,No,Adult
C0401,Female,38,Nottingham,2022-08-01,No,Adult
C0402,Female,36,Manchester,2023-07-28,No,Adult
C0403,Female,27,Liverpool,2023-02-09,Yes,"Young Adult"
C0404,Male,40,Nottingham,2022-10-22,No,Middle-Aged
C0405,Male,30,Liverpool,2023-05-06,No,Adult
C0406,Male,57,Leeds,2022-05-21,Yes,Middle-Aged
C0407,Male,58,Leeds,2022-02-21,Yes,Middle-Aged
C0408,Female,39,Nottingham,2022-04-13,Yes,Adult
C0409,Male,18,Birmingham,2023-11-29,No,Teenager
C0410,Female,48,Leeds,2023-10-31,No,Middle-Aged
C0411,Female,59,London,2022-11-25,Yes,Middle-Aged
C0412,Male,52,London,2023-10-30,Yes,Middle-Aged
C0413,Male,20,Sheffield,2023-03-04,No,"Young Adult"
C0414,Female,20,London,2022-07-10,No,"Young Adult"
C0415,Male,39,Liverpool,2023-08-05,No,Adult
C0416,Female,26,Nottingham,2023-10-19,No,"Young Adult"
C0417,Male,39,Birmingham,2022-07-17,No,Adult
C0418,Female,63,Birmingham,2023-10-26,Yes,Senior
C0419,Female,54,Leeds,2022-12-12,Yes,Middle-Aged
C0420,Female,45,Bristol,2023-09-18,Yes,Middle-Aged
C0421,Male,29,Birmingham,2023-02-15,No,"Young Adult"
C0422,Male,18,Liverpool,2022-11-28,No,Teenager
C0423,Female,35,Bristol,2022-08-30,No,Adult
C0424,Male,34,Bristol,2023-08-20,Yes,Adult
C0425,Male,47,Liverpool,2022-03-05,Yes,Middle-Aged
C0426,Female,62,Manchester,2023-02-20,No,Senior
C0427,Male,32,Birmingham,2023-01-12,No,Adult
C0428,Female,65,Bristol,2022-06-06,No,Senior
C0429,Female,52,Leeds,2023-07-17,Yes,Middle-Aged
C0430,Male,51,Nottingham,2023-11-28,No,Middle-Aged
C0431,Male,21,Leeds,2022-03-21,Yes,"Young Adult"
C0432,Female,51,Nottingham,2022-06-18,Yes,Middle-Aged
C0433,Male,63,Nottingham,2023-11-28,Yes,Senior
C0434,Female,21,Nottingham,2023-06-07,Yes,"Young Adult"
C0435,Female,47,London,2023-06-10,No,Middle-Aged
C0436,Female,64,London,2023-11-20,No,Senior
C0437,Male,65,Leeds,2022-09-18,Yes,Senior
C0438,Female,40,Manchester,2022-02-16,Yes,Middle-Aged
C0439,Female,20,Liverpool,2022-03-12,No,"Young Adult"
C0440,Male,59,Sheffield,2022-07-04,No,Middle-Aged
C0441,Female,42,Sheffield,2023-01-27,Yes,Middle-Aged
C0442,Male,59,Bristol,2023-12-01,Yes,Middle-Aged
C0443,Female,51,Birmingham,2022-07-02,Yes,Middle-Aged
C0444,Male,37,Nottingham,2022-01-04,No,Adult
C0445,Female,32,Leeds,2023-06-29,No,Adult
C0446,Male,35,Leeds,2022-12-21,Yes,Adult
C0447,Female,57,London,2022-02-02,Yes,Middle-Aged
C0448,Male,24,London,2022-07-31,No,"Young Adult"
C0449,Male,33,London,2023-09-05,No,Adult
C0450,Male,52,Leeds,2023-03-26,Yes,Middle-Aged
C0451,Female,32,Bristol,2022-05-24,No,Adult
C0452,Female,27,Leeds,2022-08-31,No,"Young Adult"
C0453,Female,21,Birmingham,2022-11-04,No,"Young Adult"
C0454,Female,21,Bristol,2023-07-24,No,"Young Adult"
C0455,Female,62,Sheffield,2023-06-22,No,Senior
C0456,Female,42,Birmingham,2022-06-02,No,Middle-Aged
C0457,Male,37,Birmingham,2022-09-04,No,Adult
C0458,Female,44,Birmingham,2022-03-01,No,Middle-Aged
C0459,Female,31,Bristol,2022-09-06,Yes,Adult
C0460,Female,23,Leeds,2023-04-06,Yes,"Young Adult"
C0461,Female,61,London,2022-10-02,Yes,Senior
C0462,Male,48,Leeds,2022-07-12,No,Middle-Aged
C0463,Male,31,Leeds,2022-11-07,Yes,Adult
C0464,Male,62,Leeds,2023-05-06,No,Senior
C0465,Female,36,Sheffield,2022-09-03,No,Adult
C0466,Female,37,Liverpool,2023-07-01,No,Adult
C0467,Female,47,Manchester,2023-06-10,No,Middle-Aged
C0468,Male,41,Bristol,2022-11-24,No,Middle-Aged
C0469,Male,65,Birmingham,2022-02-16,Yes,Senior
C0470,Female,36,Birmingham,2022-09-25,Yes,Adult
C0471,Male,42,Leeds,2022-12-04,No,Middle-Aged
C0472,Female,34,Nottingham,2023-07-18,No,Adult
C0473,Male,64,Bristol,2023-04-17,Yes,Senior
C0474,Female,29,London,2022-05-24,Yes,"Young Adult"
C0475,Male,18,Sheffield,2022-03-18,Yes,Teenager
C0476,Male,22,Birmingham,2023-10-08,Yes,"Young Adult"
C0477,Female,41,London,2022-08-12,No,Middle-Aged
C0478,Female,19,London,2023-11-07,No,Teenager
C0479,Male,51,Liverpool,2022-01-13,No,Middle-Aged
C0480,Female,29,Manchester,2022-01-18,Yes,"Young Adult"
C0481,Male,33,Leeds,2023-06-21,No,Adult
C0482,Female,43,Manchester,2022-12-29,No,Middle-Aged
C0483,Female,54,Leeds,2023-02-20,Yes,Middle-Aged
C0484,Male,59,London,2022-11-04,Yes,Middle-Aged
C0485,Female,42,Nottingham,2023-02-20,Yes,Middle-Aged
C0486,Male,62,Birmingham,2023-10-15,Yes,Senior
C0487,Female,59,Bristol,2023-05-27,Yes,Middle-Aged
C0488,Male,32,Leeds,2023-06-25,No,Adult
C0489,Male,22,Liverpool,2022-10-05,Yes,"Young Adult"
C0490,Female,19,Leeds,2022-07-03,Yes,Teenager
C0491,Male,37,Birmingham,2023-02-12,Yes,Adult
C0492,Female,61,Bristol,2023-08-04,No,Senior
C0493,Male,50,Bristol,2022-05-24,Yes,Middle-Aged
C0494,Female,32,Manchester,2022-04-11,No,Adult
C0495,Female,38,London,2023-09-12,No,Adult
C0496,Female,32,Bristol,2023-04-07,No,Adult
C0497,Male,61,Sheffield,2023-03-19,Yes,Senior
C0498,Female,33,Manchester,2023-09-26,Yes,Adult
C0499,Male,42,Birmingham,2022-10-02,No,Middle-Aged
C0500,Female,24,Manchester,2022-11-21,Yes,"Young Adult"
C0501,Female,41,Liverpool,2022-11-12,Yes,Middle-Aged
C0502,Male,29,Sheffield,2022-05-16,No,"Young Adult"
C0503,Female,24,London,2023-07-25,Yes,"Young Adult"
C0504,Male,56,Bristol,2022-12-29,No,Middle-Aged
C0505,Female,44,Sheffield,2022-01-13,Yes,Middle-Aged
C0506,Male,54,Birmingham,2023-07-27,No,Middle-Aged
C0507,Male,35,Liverpool,2022-06-23,No,Adult
C0508,Male,22,Birmingham,2023-05-20,No,"Young Adult"
C0509,Female,37,Nottingham,2022-10-10,Yes,Adult
C0510,Female,33,Nottingham,2023-01-05,Yes,Adult
C0511,Male,26,Liverpool,2023-04-14,Yes,"Young Adult"
C0512,Female,57,Sheffield,2023-02-10,No,Middle-Aged
C0513,Female,45,Birmingham,2023-03-27,No,Middle-Aged
C0514,Male,48,Bristol,2022-11-25,Yes,Middle-Aged
C0515,Female,36,Nottingham,2023-02-12,Yes,Adult
C0516,Female,35,Sheffield,2022-11-30,No,Adult
C0517,Male,55,Birmingham,2022-04-27,Yes,Middle-Aged
C0518,Male,46,Liverpool,2023-04-18,Yes,Middle-Aged
C0519,Female,26,Liverpool,2023-02-23,Yes,"Young Adult"
C0520,Male,63,Sheffield,2022-09-16,No,Senior
C0521,Female,56,Nottingham,2022-03-17,No,Middle-Aged
C0522,Female,52,London,2023-07-02,No,Middle-Aged
C0523,Male,24,Leeds,2023-07-04,No,"Young Adult"
C0524,Male,54,Sheffield,2022-06-20,No,Middle-Aged
C0525,Male,18,Manchester,2023-03-17,No,Teenager
C0526,Male,46,Bristol,2022-08-16,No,Middle-Aged
C0527,Male,40,London,2023-04-20,No,Middle-Aged
C0528,Female,44,Manchester,2022-04-18,Yes,Middle-Aged
C0529,Female,37,Bristol,2022-05-26,No,Adult
C0530,Female,40,Nottingham,2022-07-31,Yes,Middle-Aged
C0531,Female,38,Manchester,2023-03-25,No,Adult
C0532,Male,19,Bristol,2022-02-15,Yes,Teenager
C0533,Male,65,Leeds,2023-11-25,Yes,Senior
C0534,Male,39,Sheffield,2023-07-20,No,Adult
C0535,Female,58,Birmingham,2022-08-26,Yes,Middle-Aged
C0536,Female,43,London,2023-10-18,Yes,Middle-Aged
C0537,Female,42,London,2023-04-06,Yes,Middle-Aged
C0538,Female,63,Manchester,2022-07-30,Yes,Senior
C0539,Male,41,Bristol,2023-07-04,Yes,Middle-Aged
C0540,Male,34,Nottingham,2023-04-14,No,Adult
C0541,Female,57,Sheffield,2023-09-04,Yes,Middle-Aged
C0542,Female,47,Birmingham,2022-12-23,No,Middle-Aged
C0543,Male,61,Birmingham,2023-09-22,No,Senior
C0544,Male,37,Manchester,2022-05-01,Yes,Adult
C0545,Male,50,Sheffield,2023-01-18,No,Middle-Aged
C0546,Male,54,Sheffield,2023-09-03,No,Middle-Aged
C0547,Female,58,Birmingham,2022-07-10,Yes,Middle-Aged
C0548,Female,26,Birmingham,2023-05-17,No,"Young Adult"
C0549,Male,40,London,2023-04-07,No,Middle-Aged
C0550,Male,42,Nottingham,2022-05-20,No,Middle-Aged
C0551,Female,63,Nottingham,2023-05-19,No,Senior
C0552,Male,54,London,2022-06-21,Yes,Middle-Aged
C0553,Male,35,Leeds,2022-10-27,No,Adult
C0554,Female,54,Nottingham,2022-06-22,Yes,Middle-Aged
C0555,Male,35,Bristol,2023-08-10,Yes,Adult
C0556,Male,45,Manchester,2023-03-28,Yes,Middle-Aged
C0557,Male,46,Liverpool,2022-11-01,No,Middle-Aged
C0558,Female,25,Leeds,2022-03-31,Yes,"Young Adult"
C0559,Female,63,Sheffield,2023-08-26,Yes,Senior
C0560,Male,31,Leeds,2023-09-23,Yes,Adult
C0561,Female,52,Liverpool,2023-08-07,Yes,Middle-Aged
C0562,Female,36,Liverpool,2022-11-28,Yes,Adult
C0563,Female,21,Liverpool,2022-05-19,Yes,"Young Adult"
C0564,Male,27,Bristol,2022-05-16,Yes,"Young Adult"
C0565,Female,49,Birmingham,2023-11-24,No,Middle-Aged
C0566,Female,42,Nottingham,2023-10-05,Yes,Middle-Aged
C0567,Male,43,Liverpool,2023-10-11,No,Middle-Aged
C0568,Female,38,London,2023-04-11,Yes,Adult
C0569,Female,22,Sheffield,2023-04-15,Yes,"Young Adult"
C0570,Male,49,Liverpool,2023-03-16,No,Middle-Aged
C0571,Female,53,Birmingham,2022-10-18,No,Middle-Aged
C0572,Male,20,Manchester,2022-12-18,No,"Young Adult"
C0573,Male,28,Nottingham,2022-01-17,No,"Young Adult"
C0574,Female,30,Birmingham,2022-01-01,No,Adult
C0575,Female,23,Bristol,2022-06-12,No,"Young Adult"
C0576,Female,60,Birmingham,2022-03-26,Yes,Senior
C0577,Female,64,Leeds,2023-02-10,No,Senior
C0578,Male,63,Manchester,2023-11-03,Yes,Senior
C0579,Female,22,Birmingham,2022-08-07,Yes,"Young Adult"
C0580,Female,18,London,2023-06-16,No,Teenager
C0581,Female,62,Birmingham,2022-05-04,No,Senior
C0582,Male,42,Manchester,2022-03-14,Yes,Middle-Aged
C0583,Female,41,Liverpool,2022-04-16,Yes,Middle-Aged
C0584,Male,59,Birmingham,2023-01-27,Yes,Middle-Aged
C0585,Male,57,Birmingham,2023-06-28,No,Middle-Aged
C0586,Male,58,Birmingham,2022-12-26,No,Middle-Aged
C0587,Female,31,Manchester,2023-09-23,Yes,Adult
C0588,Male,55,Sheffield,2022-05-24,No,Middle-Aged
C0589,Female,26,Leeds,2023-03-16,No,"Young Adult"
C0590,Male,33,Liverpool,2023-10-23,Yes,Adult
C0591,Female,31,Leeds,2023-11-06,No,Adult
C0592,Male,33,Nottingham,2022-10-30,No,Adult
C0593,Male,49,Manchester,2022-04-26,Yes,Middle-Aged
C0594,Female,26,Sheffield,2023-01-05,No,"Young Adult"
C0595,Male,48,Manchester,2023-01-10,Yes,Middle-Aged
C0596,Male,18,Liverpool,2023-08-25,Yes,Teenager
C0597,Male,43,Liverpool,2022-02-10,No,Middle-Aged
C0598,Female,23,Birmingham,2023-03-10,No,"Young Adult"
C0599,Female,23,Leeds,2022-03-27,Yes,"Young Adult"
C0600,Female,43,Manchester,2023-07-04,No,Middle-Aged
C0601,Male,21,Leeds,2023-03-24,Yes,"Young Adult"
C0602,Male,47,London,2023-03-21,No,Middle-Aged
C0603,Male,25,London,2023-11-14,Yes,"Young Adult"
C0604,Male,49,Bristol,2022-01-12,No,Middle-Aged
C0605,Female,26,Liverpool,2022-06-20,Yes,"Young Adult"
C0606,Female,45,Liverpool,2022-01-31,Yes,Middle-Aged
C0607,Male,49,Nottingham,2022-09-27,No,Middle-Aged
C0608,Female,54,Birmingham,2022-02-26,No,Middle-Aged
C0609,Female,24,Manchester,2022-06-11,Yes,"Young Adult"
C0610,Male,20,London,2023-06-06,Yes,"Young Adult"
C0611,Female,41,Sheffield,2022-02-17,Yes,Middle-Aged
C0612,Male,53,Sheffield,2022-07-03,Yes,Middle-Aged
C0613,Male,44,Bristol,2022-11-26,No,Middle-Aged
C0614,Female,25,London,2022-03-21,Yes,"Young Adult"
C0615,Male,43,Manchester,2022-08-17,No,Middle-Aged
C0616,Female,38,Manchester,2022-10-17,No,Adult
C0617,Female,30,Liverpool,2022-01-09,No,Adult
C0618,Male,47,Bristol,2023-09-30,No,Middle-Aged
C0619,Male,27,London,2022-07-20,No,"Young Adult"
C0620,Male,52,Bristol,2022-01-25,Yes,Middle-Aged
C0621,Male,60,Sheffield,2022-12-10,No,Senior
C0622,Male,51,Leeds,2022-04-17,No,Middle-Aged
C0623,Male,27,Liverpool,2023-05-19,Yes,"Young Adult"
C0624,Male,51,Sheffield,2022-02-14,No,Middle-Aged
C0625,Male,55,Manchester,2023-04-15,Yes,Middle-Aged
C0626,Female,22,London,2023-10-15,No,"Young Adult"
C0627,Male,33,Liverpool,2023-11-10,No,Adult
C0628,Female,62,Bristol,2022-11-19,No,Senior
C0629,Female,32,Manchester,2023-04-09,Yes,Adult
C0630,Male,27,Manchester,2022-05-20,Yes,"Young Adult"
C0631,Female,38,Sheffield,2023-04-06,Yes,Adult
C0632,Female,31,Nottingham,2023-07-03,No,Adult
C0633,Female,25,Manchester,2023-04-20,Yes,"Young Adult"
C0634,Male,31,Bristol,2022-11-08,Yes,Adult
C0635,Male,40,Sheffield,2022-04-04,Yes,Middle-Aged
C0636,Female,34,Birmingham,2023-11-25,Yes,Adult
C0637,Female,53,Leeds,2023-02-19,Yes,Middle-Aged
C0638,Male,26,Manchester,2023-04-19,Yes,"Young Adult"
C0639,Male,26,Leeds,2022-03-05,No,"Young Adult"
C0640,Male,55,Liverpool,2023-01-17,Yes,Middle-Aged
C0641,Male,30,Nottingham,2022-01-23,Yes,Adult
C0642,Female,25,London,2022-04-05,No,"Young Adult"
C0643,Male,54,Sheffield,2022-02-21,No,Middle-Aged
C0644,Male,42,Sheffield,2023-05-24,Yes,Middle-Aged
C0645,Male,29,Liverpool,2022-12-29,No,"Young Adult"
C0646,Male,20,Leeds,2023-04-02,No,"Young Adult"
C0647,Female,53,Nottingham,2023-05-26,Yes,Middle-Aged
C0648,Female,42,Birmingham,2022-03-31,No,Middle-Aged
C0649,Male,58,London,2022-07-24,No,Middle-Aged
C0650,Female,52,Nottingham,2023-01-03,No,Middle-Aged
C0651,Female,42,Liverpool,2023-08-03,Yes,Middle-Aged
C0652,Female,56,Leeds,2022-01-27,Yes,Middle-Aged
C0653,Male,48,Bristol,2022-10-15,Yes,Middle-Aged
C0654,Male,33,Leeds,2022-06-13,No,Adult
C0655,Male,32,Sheffield,2023-07-01,No,Adult
C0656,Male,33,Bristol,2022-06-27,No,Adult
C0657,Male,63,Bristol,2023-08-29,Yes,Senior
C0658,Male,49,Liverpool,2023-07-31,Yes,Middle-Aged
C0659,Male,23,London,2023-05-18,Yes,"Young Adult"
C0660,Male,19,Nottingham,2023-09-09,Yes,Teenager
C0661,Male,26,Bristol,2022-12-06,Yes,"Young Adult"
C0662,Male,19,Birmingham,2022-11-28,Yes,Teenager
C0663,Female,22,Bristol,2022-04-24,No,"Young Adult"
C0664,Male,39,Liverpool,2023-08-24,No,Adult
C0665,Male,64,Sheffield,2022-05-20,No,Senior
C0666,Female,29,Bristol,2023-10-27,Yes,"Young Adult"
C0667,Male,42,Liverpool,2023-11-13,No,Middle-Aged
C0668,Male,64,London,2022-05-11,No,Senior
C0669,Male,29,Bristol,2023-08-05,Yes,"Young Adult"
C0670,Male,49,Birmingham,2023-10-17,No,Middle-Aged
C0671,Male,40,Bristol,2022-03-21,Yes,Middle-Aged
C0672,Male,63,Bristol,2023-10-14,No,Senior
C0673,Female,31,Leeds,2022-01-12,Yes,Adult
C0674,Female,24,London,2022-12-25,Yes,"Young Adult"
C0675,Female,64,Sheffield,2023-01-31,Yes,Senior
C0676,Female,42,Bristol,2023-02-28,No,Middle-Aged
C0677,Female,54,Leeds,2022-04-14,Yes,Middle-Aged
C0678,Male,20,Liverpool,2023-04-08,Yes,"Young Adult"
C0679,Female,24,Manchester,2022-11-23,No,"Young Adult"
C0680,Female,28,Manchester,2022-06-24,Yes,"Young Adult"
C0681,Female,63,London,2022-12-13,No,Senior
C0682,Male,56,Sheffield,2023-11-01,Yes,Middle-Aged
C0683,Male,39,Leeds,2022-02-24,Yes,Adult
C0684,Female,60,Liverpool,2023-02-24,No,Senior
C0685,Male,21,Sheffield,2022-09-01,No,"Young Adult"
C0686,Male,41,London,2022-06-07,No,Middle-Aged
C0687,Female,60,Nottingham,2022-03-31,Yes,Senior
C0688,Male,31,Birmingham,2022-04-10,No,Adult
C0689,Female,25,Liverpool,2022-03-25,No,"Young Adult"
C0690,Female,60,Liverpool,2023-04-28,Yes,Senior
C0691,Female,29,Bristol,2023-10-20,No,"Young Adult"
C0692,Male,46,London,2023-01-14,No,Middle-Aged
C0693,Female,34,Leeds,2023-03-27,No,Adult
C0694,Male,27,Manchester,2023-08-01,Yes,"Young Adult"
C0695,Female,52,Sheffield,2023-11-16,Yes,Middle-Aged
C0696,Male,42,Sheffield,2023-07-21,No,Middle-Aged
C0697,Male,48,Liverpool,2023-08-10,Yes,Middle-Aged
C0698,Male,50,Birmingham,2023-02-09,Yes,Middle-Aged
C0699,Male,28,Leeds,2023-04-05,Yes,"Young Adult"
C0700,Male,45,Manchester,2022-05-10,No,Middle-Aged
C0701,Male,56,Liverpool,2022-07-26,No,Middle-Aged
C0702,Male,42,Sheffield,2022-03-10,No,Middle-Aged
C0703,Female,18,Sheffield,2022-10-10,Yes,Teenager
C0704,Male,27,Manchester,2023-03-01,Yes,"Young Adult"
C0705,Male,36,Bristol,2023-07-31,No,Adult
C0706,Female,59,Nottingham,2022-09-28,No,Middle-Aged
C0707,Male,35,Sheffield,2022-02-08,Yes,Adult
C0708,Female,20,Sheffield,2023-09-26,No,"Young Adult"
C0709,Male,65,Nottingham,2022-09-01,No,Senior
C0710,Male,39,Liverpool,2023-01-17,No,Adult
C0711,Female,62,Manchester,2022-10-15,Yes,Senior
C0712,Female,65,Nottingham,2022-05-18,No,Senior
C0713,Female,56,Manchester,2022-10-03,Yes,Middle-Aged
C0714,Male,44,Nottingham,2023-03-29,No,Middle-Aged
C0715,Male,22,Liverpool,2022-02-27,No,"Young Adult"
C0716,Male,29,Leeds,2022-05-19,Yes,"Young Adult"
C0717,Male,20,Nottingham,2022-03-01,Yes,"Young Adult"
C0718,Male,35,Bristol,2023-01-05,No,Adult
C0719,Female,58,Manchester,2023-06-02,Yes,Middle-Aged
C0720,Female,49,Nottingham,2022-09-05,Yes,Middle-Aged
C0721,Female,40,Birmingham,2023-05-01,No,Middle-Aged
C0722,Female,19,Sheffield,2022-04-03,Yes,Teenager
C0723,Male,32,Leeds,2022-06-16,Yes,Adult
C0724,Female,50,London,2022-10-03,Yes,Middle-Aged
C0725,Male,59,Birmingham,2023-05-01,Yes,Middle-Aged
C0726,Female,56,Liverpool,2022-08-18,No,Middle-Aged
C0727,Female,40,Nottingham,2023-03-10,No,Middle-Aged
C0728,Female,37,Sheffield,2022-08-12,Yes,Adult
C0729,Female,53,Liverpool,2022-01-08,No,Middle-Aged
C0730,Male,48,Manchester,2023-12-02,No,Middle-Aged
C0731,Female,35,Liverpool,2022-10-11,No,Adult
C0732,Male,51,Leeds,2022-07-12,Yes,Middle-Aged
C0733,Female,60,Bristol,2023-09-07,Yes,Senior
C0734,Female,36,Liverpool,2022-01-27,No,Adult
C0735,Female,65,London,2023-02-19,Yes,Senior
C0736,Male,61,Nottingham,2022-12-18,No,Senior
C0737,Female,28,Birmingham,2023-06-04,No,"Young Adult"
C0738,Female,26,Liverpool,2022-04-10,Yes,"Young Adult"
C0739,Female,59,Manchester,2023-11-28,Yes,Middle-Aged
C0740,Male,65,Liverpool,2022-12-30,No,Senior
C0741,Female,34,Liverpool,2022-12-06,No,Adult
C0742,Female,21,Manchester,2022-05-01,No,"Young Adult"
C0743,Male,61,Sheffield,2022-07-19,No,Senior
C0744,Male,27,Birmingham,2023-02-28,Yes,"Young Adult"
C0745,Female,54,Nottingham,2022-12-17,Yes,Middle-Aged
C0746,Male,23,Nottingham,2022-11-20,No,"Young Adult"
C0747,Male,38,London,2023-10-09,Yes,Adult
C0748,Female,31,Birmingham,2023-04-08,Yes,Adult
C0749,Male,26,Sheffield,2023-05-17,No,"Young Adult"
C0750,Female,48,Sheffield,2023-02-18,Yes,Middle-Aged
C0751,Male,64,Bristol,2022-02-08,Yes,Senior
C0752,Male,19,London,2022-11-26,Yes,Teenager
C0753,Female,37,Birmingham,2022-08-20,Yes,Adult
C0754,Female,28,Manchester,2023-01-28,Yes,"Young Adult"
C0755,Female,47,Bristol,2022-11-02,No,Middle-Aged
C0756,Female,49,Bristol,2022-05-18,Yes,Middle-Aged
C0757,Female,19,Leeds,2022-06-18,Yes,Teenager
C0758,Male,64,London,2022-05-15,Yes,Senior
C0759,Female,63,London,2022-05-07,No,Senior
C0760,Female,52,London,2023-10-18,Yes,Middle-Aged
C0761,Male,59,London,2023-11-09,Yes,Middle-Aged
C0762,Female,46,Sheffield,2022-04-29,Yes,Middle-Aged
C0763,Female,48,Birmingham,2023-07-15,Yes,Middle-Aged
C0764,Male,37,Sheffield,2023-10-08,Yes,Adult
C0765,Female,57,Birmingham,2023-11-10,No,Middle-Aged
C0766,Male,36,Manchester,2022-04-18,Yes,Adult
C0767,Male,56,Leeds,2023-05-25,No,Middle-Aged
C0768,Male,40,Sheffield,2023-06-20,No,Middle-Aged
C0769,Male,53,Nottingham,2022-06-14,Yes,Middle-Aged
C0770,Female,33,London,2023-05-08,Yes,Adult
C0771,Male,25,Nottingham,2023-11-19,Yes,"Young Adult"
C0772,Male,64,Manchester,2022-04-03,No,Senior
C0773,Male,47,Liverpool,2023-10-22,No,Middle-Aged
C0774,Male,24,Birmingham,2023-04-21,Yes,"Young Adult"
C0775,Female,61,Bristol,2022-10-25,No,Senior
C0776,Male,20,London,2022-04-29,Yes,"Young Adult"
C0777,Male,39,Bristol,2023-11-11,No,Adult
C0778,Female,64,Manchester,2023-09-29,No,Senior
C0779,Male,25,Sheffield,2022-12-17,No,"Young Adult"
C0780,Female,42,Nottingham,2023-04-13,No,Middle-Aged
C0781,Male,25,Birmingham,2023-10-27,Yes,"Young Adult"
C0782,Male,44,Nottingham,2022-06-13,No,Middle-Aged
C0783,Female,40,London,2022-07-05,Yes,Middle-Aged
C0784,Female,25,Sheffield,2023-05-10,No,"Young Adult"
C0785,Male,34,Bristol,2022-02-17,Yes,Adult
C0786,Male,60,Bristol,2023-11-26,Yes,Senior
C0787,Male,48,Bristol,2023-03-20,No,Middle-Aged
C0788,Male,18,Birmingham,2022-06-02,No,Teenager
C0789,Male,22,Nottingham,2023-05-23,No,"Young Adult"
C0790,Female,35,London,2022-09-04,Yes,Adult
C0791,Female,43,Leeds,2023-07-18,Yes,Middle-Aged
C0792,Female,54,Nottingham,2023-04-16,Yes,Middle-Aged
C0793,Female,38,Manchester,2023-05-26,No,Adult
C0794,Male,24,Sheffield,2023-11-01,No,"Young Adult"
C0795,Male,23,Liverpool,2022-02-06,Yes,"Young Adult"
C0796,Female,39,Bristol,2023-11-02,Yes,Adult
C0797,Female,39,Nottingham,2022-08-17,No,Adult
C0798,Male,24,Leeds,2023-04-09,Yes,"Young Adult"
C0799,Female,58,Liverpool,2022-12-16,No,Middle-Aged
C0800,Male,28,Nottingham,2022-04-19,Yes,"Young Adult"
C0801,Male,34,Leeds,2023-02-24,Yes,Adult
C0802,Female,31,Nottingham,2022-05-04,Yes,Adult
C0803,Male,44,London,2022-12-13,Yes,Middle-Aged
C0804,Female,60,Birmingham,2023-04-07,No,Senior
C0805,Male,53,Sheffield,2022-01-05,No,Middle-Aged
C0806,Male,62,Birmingham,2023-06-05,Yes,Senior
C0807,Female,60,Bristol,2022-04-17,No,Senior
C0808,Male,35,Sheffield,2023-03-05,No,Adult
C0809,Female,26,Birmingham,2022-10-29,No,"Young Adult"
C0810,Female,62,Bristol,2023-09-09,Yes,Senior
C0811,Male,57,Liverpool,2022-07-25,No,Middle-Aged
C0812,Male,63,Birmingham,2023-11-20,No,Senior
C0813,Female,53,Nottingham,2022-04-29,No,Middle-Aged
C0814,Female,45,London,2023-11-22,Yes,Middle-Aged
C0815,Female,27,London,2022-01-26,Yes,"Young Adult"
C0816,Female,28,Liverpool,2022-07-24,No,"Young Adult"
C0817,Male,62,Liverpool,2022-05-30,Yes,Senior
C0818,Male,40,Nottingham,2023-07-09,Yes,Middle-Aged
C0819,Male,65,Sheffield,2023-09-23,Yes,Senior
C0820,Female,62,London,2023-06-08,No,Senior
C0821,Female,61,Bristol,2023-02-01,Yes,Senior
C0822,Female,30,Nottingham,2022-01-14,Yes,Adult
C0823,Female,55,Leeds,2023-10-11,Yes,Middle-Aged
C0824,Female,29,Manchester,2022-10-29,Yes,"Young Adult"
C0825,Male,42,London,2022-06-27,No,Middle-Aged
C0826,Female,26,Birmingham,2022-10-13,No,"Young Adult"
C0827,Female,47,Birmingham,2022-01-06,Yes,Middle-Aged
C0828,Female,56,London,2022-06-07,No,Middle-Aged
C0829,Female,22,Bristol,2023-05-18,Yes,"Young Adult"
C0830,Male,50,Birmingham,2022-07-08,No,Middle-Aged
C0831,Female,23,Bristol,2023-07-11,Yes,"Young Adult"
C0832,Female,39,Bristol,2022-08-07,No,Adult
C0833,Female,53,London,2022-08-12,Yes,Middle-Aged
C0834,Female,46,Leeds,2023-11-16,Yes,Middle-Aged
C0835,Female,42,Manchester,2022-02-10,No,Middle-Aged
C0836,Female,19,Bristol,2022-09-20,No,Teenager
C0837,Male,36,Leeds,2023-05-14,No,Adult
C0838,Male,24,Birmingham,2023-06-11,Yes,"Young Adult"
C0839,Male,31,Leeds,2023-10-04,No,Adult
C0840,Male,52,Sheffield,2022-04-17,Yes,Middle-Aged
C0841,Male,47,Bristol,2022-06-07,Yes,Middle-Aged
C0842,Male,21,Birmingham,2022-03-31,No,"Young Adult"
C0843,Male,54,Leeds,2023-07-26,No,Middle-Aged
C0844,Female,46,Sheffield,2023-02-22,No,Middle-Aged
C0845,Male,42,Manchester,2022-11-20,Yes,Middle-Aged
C0846,Male,65,London,2023-10-19,Yes,Senior
C0847,Male,36,Liverpool,2023-01-02,Yes,Adult
C0848,Female,42,Sheffield,2022-10-16,Yes,Middle-Aged
C0849,Male,52,Leeds,2023-05-01,Yes,Middle-Aged
C0850,Female,58,Birmingham,2023-02-05,No,Middle-Aged
C0851,Female,18,Birmingham,2023-11-25,Yes,Teenager
C0852,Male,54,Sheffield,2022-02-12,Yes,Middle-Aged
C0853,Male,65,Bristol,2022-11-09,Yes,Senior
C0854,Male,28,Birmingham,2023-02-27,Yes,"Young Adult"
C0855,Female,30,Manchester,2023-09-24,Yes,Adult
C0856,Male,53,Nottingham,2023-11-19,Yes,Middle-Aged
C0857,Male,34,Manchester,2022-10-25,Yes,Adult
C0858,Female,39,Bristol,2023-08-18,Yes,Adult
C0859,Male,24,Liverpool,2023-11-19,Yes,"Young Adult"
C0860,Female,49,Nottingham,2022-07-18,No,Middle-Aged
C0861,Female,62,Birmingham,2023-09-24,No,Senior
C0862,Female,28,London,2022-11-20,No,"Young Adult"
C0863,Male,63,Sheffield,2022-09-10,No,Senior
C0864,Male,61,Bristol,2023-01-04,No,Senior
C0865,Female,40,Liverpool,2023-04-19,No,Middle-Aged
C0866,Male,29,Manchester,2023-07-19,No,"Young Adult"
C0867,Male,34,Manchester,2022-05-24,Yes,Adult
C0868,Male,55,Sheffield,2022-01-20,Yes,Middle-Aged
C0869,Female,52,Nottingham,2022-02-07,Yes,Middle-Aged
C0870,Female,32,Liverpool,2023-01-10,Yes,Adult
C0871,Male,43,Bristol,2023-04-21,Yes,Middle-Aged
C0872,Male,57,Birmingham,2023-11-10,Yes,Middle-Aged
C0873,Male,29,Birmingham,2023-04-02,No,"Young Adult"
C0874,Male,32,Nottingham,2023-01-03,Yes,Adult
C0875,Female,41,Leeds,2022-03-06,Yes,Middle-Aged
C0876,Male,51,Bristol,2023-11-16,No,Middle-Aged
C0877,Female,20,London,2023-04-26,No,"Young Adult"
C0878,Female,65,Liverpool,2022-04-16,Yes,Senior
C0879,Female,41,Manchester,2023-01-21,No,Middle-Aged
C0880,Male,51,Sheffield,2023-01-21,No,Middle-Aged
C0881,Female,48,London,2022-12-20,Yes,Middle-Aged
C0882,Male,32,Manchester,2023-03-27,No,Adult
C0883,Male,29,Birmingham,2022-08-05,No,"Young Adult"
C0884,Male,60,Leeds,2023-09-09,No,Senior
C0885,Male,48,Nottingham,2022-12-05,No,Middle-Aged
C0886,Male,59,Sheffield,2022-08-04,Yes,Middle-Aged
C0887,Male,26,Birmingham,2022-09-07,Yes,"Young Adult"
C0888,Male,54,Birmingham,2023-10-07,Yes,Middle-Aged
C0889,Female,29,Sheffield,2022-06-20,Yes,"Young Adult"
C0890,Female,23,Leeds,2023-11-09,No,"Young Adult"
C0891,Female,48,Birmingham,2023-09-14,Yes,Middle-Aged
C0892,Male,55,Birmingham,2023-02-25,No,Middle-Aged
C0893,Female,47,Manchester,2022-06-21,Yes,Middle-Aged
C0894,Female,26,Manchester,2023-01-23,Yes,"Young Adult"
C0895,Female,27,Manchester,2022-07-27,Yes,"Young Adult"
C0896,Male,52,Manchester,2023-05-03,Yes,Middle-Aged
C0897,Male,56,London,2023-05-09,No,Middle-Aged
C0898,Female,41,London,2023-06-19,No,Middle-Aged
C0899,Female,42,Bristol,2022-08-23,Yes,Middle-Aged
C0900,Male,34,Nottingham,2023-03-12,Yes,Adult
C0901,Female,56,Sheffield,2022-03-27,No,Middle-Aged
C0902,Male,63,London,2022-07-13,Yes,Senior
C0903,Male,42,Leeds,2023-06-17,No,Middle-Aged
C0904,Female,24,Birmingham,2023-02-23,No,"Young Adult"
C0905,Female,34,Sheffield,2023-10-30,No,Adult
C0906,Female,61,Sheffield,2023-09-19,Yes,Senior
C0907,Female,29,Bristol,2023-02-28,No,"Young Adult"
C0908,Female,54,Bristol,2022-09-17,No,Middle-Aged
C0909,Male,65,Leeds,2022-05-22,No,Senior
C0910,Male,31,Sheffield,2022-06-15,No,Adult
C0911,Male,28,Sheffield,2023-07-18,Yes,"Young Adult"
C0912,Male,48,Sheffield,2022-04-04,Yes,Middle-Aged
C0913,Female,32,Bristol,2022-03-07,Yes,Adult
C0914,Male,64,Sheffield,2023-09-16,No,Senior
C0915,Female,63,London,2023-09-21,Yes,Senior
C0916,Female,46,London,2023-10-18,Yes,Middle-Aged
C0917,Female,30,London,2023-11-04,Yes,Adult
C0918,Male,61,London,2023-09-22,No,Senior
C0919,Male,28,Manchester,2022-09-02,No,"Young Adult"
C0920,Female,60,Sheffield,2023-02-14,No,Senior
C0921,Male,51,London,2023-08-24,Yes,Middle-Aged
C0922,Female,64,Bristol,2022-04-03,No,Senior
C0923,Male,56,Leeds,2022-10-11,No,Middle-Aged
C0924,Male,34,Birmingham,2023-02-18,No,Adult
C0925,Male,53,Manchester,2023-06-03,No,Middle-Aged
C0926,Male,50,Liverpool,2022-12-15,No,Middle-Aged
C0927,Female,54,Nottingham,2023-03-30,Yes,Middle-Aged
C0928,Female,61,Nottingham,2022-12-14,Yes,Senior
C0929,Male,34,Manchester,2023-05-09,No,Adult
C0930,Male,61,Leeds,2023-10-11,No,Senior
C0931,Female,51,London,2023-02-27,No,Middle-Aged
C0932,Female,23,Sheffield,2022-09-12,No,"Young Adult"
C0933,Male,48,Bristol,2022-03-19,No,Middle-Aged
C0934,Female,29,Leeds,2022-08-12,No,"Young Adult"
C0935,Male,65,Leeds,2022-07-24,No,Senior
C0936,Male,30,Leeds,2022-07-31,No,Adult
C0937,Male,25,Manchester,2022-06-09,No,"Young Adult"
C0938,Male,52,London,2023-09-21,No,Middle-Aged
C0939,Female,49,Liverpool,2023-01-16,No,Middle-Aged
C0940,Female,43,Leeds,2022-07-07,Yes,Middle-Aged
C0941,Female,48,London,2022-02-25,No,Middle-Aged
C0942,Male,47,Manchester,2023-02-08,No,Middle-Aged
C0943,Male,18,Leeds,2022-11-20,No,Teenager
C0944,Male,38,Bristol,2023-08-18,No,Adult
C0945,Female,33,Liverpool,2022-07-11,No,Adult
C0946,Female,41,Birmingham,2023-09-20,No,Middle-Aged
C0947,Male,44,Bristol,2023-03-11,No,Middle-Aged
C0948,Female,46,Birmingham,2023-02-15,Yes,Middle-Aged
C0949,Male,24,Liverpool,2023-08-13,Yes,"Young Adult"
C0950,Female,42,Leeds,2023-07-23,Yes,Middle-Aged
C0951,Female,18,Birmingham,2022-06-03,No,Teenager
C0952,Male,58,Bristol,2023-05-27,No,Middle-Aged
C0953,Female,53,London,2022-11-04,No,Middle-Aged
C0954,Male,21,Leeds,2022-04-12,No,"Young Adult"
C0955,Male,46,Bristol,2023-05-03,No,Middle-Aged
C0956,Female,53,Liverpool,2023-01-05,No,Middle-Aged
C0957,Female,25,Bristol,2022-01-21,Yes,"Young Adult"
C0958,Male,36,Bristol,2023-08-14,No,Adult
C0959,Female,65,Nottingham,2023-11-21,Yes,Senior
C0960,Female,47,Birmingham,2023-01-26,Yes,Middle-Aged
C0961,Female,44,Sheffield,2023-10-18,Yes,Middle-Aged
C0962,Male,39,Leeds,2022-03-23,No,Adult
C0963,Female,63,Liverpool,2022-11-21,No,Senior
C0964,Female,41,Nottingham,2022-10-05,No,Middle-Aged
C0965,Male,19,Birmingham,2022-06-21,Yes,Teenager
C0966,Female,65,Manchester,2023-11-09,Yes,Senior
C0967,Female,24,Manchester,2022-06-20,Yes,"Young Adult"
C0968,Male,19,Sheffield,2023-04-30,Yes,Teenager
C0969,Female,57,Birmingham,2022-04-17,Yes,Middle-Aged
C0970,Female,37,Leeds,2023-11-02,Yes,Adult
C0971,Female,58,Birmingham,2022-10-18,Yes,Middle-Aged
C0972,Male,19,London,2023-06-24,No,Teenager
C0973,Female,47,Liverpool,2022-11-30,No,Middle-Aged
C0974,Male,55,Nottingham,2022-05-19,No,Middle-Aged
C0975,Female,40,Nottingham,2023-06-21,Yes,Middle-Aged
C0976,Female,37,Bristol,2022-04-02,No,Adult
C0977,Male,37,London,2022-09-24,Yes,Adult
C0978,Male,40,Liverpool,2023-06-20,No,Middle-Aged
C0979,Male,62,Nottingham,2023-07-02,No,Senior
C0980,Male,45,Liverpool,2022-11-03,Yes,Middle-Aged
C0981,Female,30,Sheffield,2022-01-08,No,Adult
C0982,Male,28,Sheffield,2023-02-09,No,"Young Adult"
C0983,Female,23,Sheffield,2022-08-14,Yes,"Young Adult"
C0984,Female,36,Liverpool,2023-06-14,No,Adult
C0985,Male,29,Birmingham,2022-07-12,No,"Young Adult"
C0986,Female,57,Nottingham,2022-04-24,No,Middle-Aged
C0987,Female,30,Bristol,2023-09-30,Yes,Adult
C0988,Male,52,London,2022-06-05,Yes,Middle-Aged
C0989,Female,35,Birmingham,2022-04-15,No,Adult
C0990,Male,23,Birmingham,2022-01-09,Yes,"Young Adult"
C0991,Male,39,Sheffield,2023-05-21,No,Adult
C0992,Female,47,London,2023-05-26,No,Middle-Aged
C0993,Male,21,Liverpool,2022-03-24,No,"Young Adult"
C0994,Female,29,Leeds,2022-03-15,No,"Young Adult"
C0995,Male,25,Leeds,2023-01-26,No,"Young Adult"
C0996,Male,65,London,2023-03-30,Yes,Senior
C0997,Male,51,Leeds,2023-04-17,No,Middle-Aged
C0998,Female,38,Birmingham,2023-02-03,Yes,Adult
C0999,Male,34,Nottingham,2023-07-17,No,Adult
C1000,Female,21,Leeds,2022-07-23,Yes,"Young Adult"
C1001,Female,38,London,2022-08-30,Yes,Adult
C1002,Male,43,Leeds,2022-10-10,Yes,Middle-Aged
C1003,Female,62,Birmingham,2022-02-13,No,Senior
C1004,Male,28,Nottingham,2022-04-02,Yes,"Young Adult"
C1005,Female,58,London,2023-09-26,Yes,Middle-Aged
C1006,Male,62,Manchester,2022-12-31,Yes,Senior
C1007,Male,38,Bristol,2023-05-15,No,Adult
C1008,Male,62,Sheffield,2022-07-17,No,Senior
C1009,Female,20,Nottingham,2022-05-18,No,"Young Adult"
C1010,Female,52,Nottingham,2023-07-27,Yes,Middle-Aged
C1011,Male,52,Bristol,2023-08-04,No,Middle-Aged
C1012,Female,56,Birmingham,2023-04-25,Yes,Middle-Aged
C1013,Male,46,Liverpool,2023-06-28,No,Middle-Aged
C1014,Female,47,London,2023-07-09,No,Middle-Aged
C1015,Male,57,Bristol,2022-07-09,Yes,Middle-Aged
C1016,Male,60,Sheffield,2022-11-25,Yes,Senior
C1017,Female,53,Birmingham,2023-06-21,No,Middle-Aged
C1018,Female,59,Bristol,2022-11-27,Yes,Middle-Aged
C1019,Male,20,Birmingham,2022-04-09,Yes,"Young Adult"
C1020,Male,24,Nottingham,2022-02-02,Yes,"Young Adult"
C1021,Male,54,Sheffield,2022-04-12,No,Middle-Aged
C1022,Female,21,Bristol,2023-06-23,Yes,"Young Adult"
C1023,Male,18,Leeds,2023-09-13,No,Teenager
C1024,Female,58,London,2022-03-23,No,Middle-Aged
C1025,Female,41,London,2023-07-26,No,Middle-Aged
C1026,Male,64,Manchester,2023-06-26,No,Senior
C1027,Male,51,Manchester,2022-03-21,Yes,Middle-Aged
C1028,Female,30,Leeds,2022-08-25,Yes,Adult
C1029,Male,53,Sheffield,2023-08-07,Yes,Middle-Aged
C1030,Female,61,Nottingham,2023-10-16,No,Senior
C1031,Male,29,Sheffield,2022-04-17,No,"Young Adult"
C1032,Male,52,Nottingham,2023-11-05,No,Middle-Aged
C1033,Female,41,Sheffield,2022-11-19,No,Middle-Aged
C1034,Male,54,Leeds,2022-11-28,No,Middle-Aged
C1035,Female,41,Nottingham,2023-07-18,No,Middle-Aged
C1036,Male,64,London,2023-02-11,No,Senior
C1037,Male,51,Birmingham,2023-09-03,No,Middle-Aged
C1038,Female,32,Leeds,2022-01-07,No,Adult
C1039,Female,53,Birmingham,2022-01-23,Yes,Middle-Aged
C1040,Female,40,Birmingham,2022-02-08,Yes,Middle-Aged
C1041,Female,55,Leeds,2022-09-29,Yes,Middle-Aged
C1042,Female,23,Sheffield,2022-09-20,Yes,"Young Adult"
C1043,Female,48,Birmingham,2022-03-21,No,Middle-Aged
C1044,Male,56,Liverpool,2023-08-14,Yes,Middle-Aged
C1045,Female,23,London,2023-08-14,No,"Young Adult"
C1046,Female,44,Manchester,2022-12-23,Yes,Middle-Aged
C1047,Male,58,Sheffield,2023-10-31,Yes,Middle-Aged
C1048,Male,38,Birmingham,2022-11-09,No,Adult
C1049,Male,27,London,2023-05-30,No,"Young Adult"
C1050,Male,32,Sheffield,2023-04-02,No,Adult
C1051,Male,26,Bristol,2023-02-08,Yes,"Young Adult"
C1052,Male,53,Sheffield,2023-05-03,No,Middle-Aged
C1053,Female,50,Sheffield,2022-03-29,Yes,Middle-Aged
C1054,Female,53,Leeds,2022-05-19,No,Middle-Aged
C1055,Male,53,Leeds,2023-02-09,Yes,Middle-Aged
C1056,Female,45,Bristol,2022-03-15,Yes,Middle-Aged
C1057,Female,45,Bristol,2022-04-26,No,Middle-Aged
C1058,Female,40,London,2022-07-15,No,Middle-Aged
C1059,Female,57,Nottingham,2022-06-23,Yes,Middle-Aged
C1060,Male,32,Leeds,2023-03-28,No,Adult
C1061,Male,25,London,2022-06-09,Yes,"Young Adult"
C1062,Male,36,London,2023-09-28,No,Adult
C1063,Female,46,Nottingham,2022-04-24,Yes,Middle-Aged
C1064,Male,65,Leeds,2022-12-06,Yes,Senior
C1065,Female,53,Nottingham,2023-07-14,Yes,Middle-Aged
C1066,Male,42,London,2023-11-16,No,Middle-Aged
C1067,Male,36,Leeds,2022-06-24,No,Adult
C1068,Female,59,London,2022-02-24,Yes,Middle-Aged
C1069,Female,60,Bristol,2023-02-02,Yes,Senior
C1070,Female,59,Sheffield,2022-01-20,Yes,Middle-Aged
C1071,Male,38,Nottingham,2023-01-25,Yes,Adult
C1072,Male,50,Nottingham,2022-07-10,Yes,Middle-Aged
C1073,Male,51,Liverpool,2022-02-10,No,Middle-Aged
C1074,Female,65,Birmingham,2023-05-17,Yes,Senior
C1075,Female,40,Liverpool,2022-12-22,Yes,Middle-Aged
C1076,Female,21,Liverpool,2023-05-29,No,"Young Adult"
C1077,Female,32,Birmingham,2022-01-31,No,Adult
C1078,Male,23,Sheffield,2023-02-07,Yes,"Young Adult"
C1079,Male,54,Birmingham,2023-03-04,No,Middle-Aged
C1080,Female,46,Birmingham,2022-11-16,Yes,Middle-Aged
C1081,Male,55,Leeds,2023-10-31,Yes,Middle-Aged
C1082,Male,45,Birmingham,2022-11-13,Yes,Middle-Aged
C1083,Male,53,Manchester,2022-11-22,Yes,Middle-Aged
C1084,Male,64,London,2022-11-22,No,Senior
C1085,Female,37,Nottingham,2023-02-28,No,Adult
C1086,Male,24,Birmingham,2022-06-05,Yes,"Young Adult"
C1087,Female,56,Leeds,2022-01-27,Yes,Middle-Aged
C1088,Male,40,Manchester,2022-08-25,No,Middle-Aged
C1089,Female,63,Bristol,2022-05-18,Yes,Senior
C1090,Female,48,Birmingham,2023-02-01,Yes,Middle-Aged
C1091,Male,20,Sheffield,2022-07-17,Yes,"Young Adult"
C1092,Female,32,Leeds,2022-10-04,Yes,Adult
C1093,Male,46,Nottingham,2022-03-09,No,Middle-Aged
C1094,Male,45,Sheffield,2023-04-14,Yes,Middle-Aged
C1095,Female,64,Bristol,2023-09-15,No,Senior
C1096,Male,51,Manchester,2023-09-19,No,Middle-Aged
C1097,Male,33,Sheffield,2023-04-13,Yes,Adult
C1098,Female,51,London,2023-07-26,Yes,Middle-Aged
C1099,Female,43,Liverpool,2022-10-26,No,Middle-Aged
C1100,Male,45,Liverpool,2023-04-18,Yes,Middle-Aged
C1101,Male,47,Nottingham,2023-06-14,Yes,Middle-Aged
C1102,Male,29,Birmingham,2023-05-28,No,"Young Adult"
C1103,Female,46,London,2023-02-28,Yes,Middle-Aged
C1104,Male,47,Manchester,2023-04-10,No,Middle-Aged
C1105,Male,63,Manchester,2022-11-28,Yes,Senior
C1106,Female,58,Bristol,2022-04-27,Yes,Middle-Aged
C1107,Female,64,Birmingham,2023-06-21,No,Senior
C1108,Female,20,Birmingham,2023-07-18,No,"Young Adult"
C1109,Male,28,Birmingham,2023-08-03,Yes,"Young Adult"
C1110,Female,37,Liverpool,2022-02-22,No,Adult
C1111,Male,25,Birmingham,2022-10-23,Yes,"Young Adult"
C1112,Female,18,Nottingham,2022-01-04,No,Teenager
C1113,Male,56,Nottingham,2023-05-26,Yes,Middle-Aged
C1114,Female,47,Sheffield,2022-08-11,No,Middle-Aged
C1115,Male,33,Liverpool,2022-03-23,Yes,Adult
C1116,Male,27,London,2022-02-20,No,"Young Adult"
C1117,Male,20,Liverpool,2022-02-07,No,"Young Adult"
C1118,Male,24,Sheffield,2022-03-31,Yes,"Young Adult"
C1119,Female,57,Birmingham,2022-06-15,No,Middle-Aged
C1120,Female,20,Manchester,2023-08-16,No,"Young Adult"
C1121,Female,42,Manchester,2022-11-27,No,Middle-Aged
C1122,Male,36,Nottingham,2023-07-18,Yes,Adult
C1123,Female,39,Sheffield,2022-05-05,Yes,Adult
C1124,Male,24,Manchester,2022-08-03,No,"Young Adult"
C1125,Female,45,Bristol,2023-09-12,No,Middle-Aged
C1126,Female,26,Nottingham,2023-06-23,No,"Young Adult"
C1127,Male,57,Leeds,2023-05-20,No,Middle-Aged
C1128,Male,25,London,2022-07-18,No,"Young Adult"
C1129,Male,65,Leeds,2023-10-03,No,Senior
C1130,Male,39,Bristol,2023-02-28,Yes,Adult
C1131,Male,62,Liverpool,2022-01-12,No,Senior
C1132,Female,37,Bristol,2022-03-11,Yes,Adult
C1133,Female,39,Sheffield,2022-04-27,Yes,Adult
C1134,Male,39,Bristol,2022-06-29,No,Adult
C1135,Male,59,Birmingham,2023-05-01,No,Middle-Aged
C1136,Female,52,Bristol,2022-06-09,No,Middle-Aged
C1137,Male,51,Liverpool,2023-02-28,No,Middle-Aged
C1138,Male,31,Bristol,2023-07-23,No,Adult
C1139,Male,35,London,2022-03-09,No,Adult
C1140,Male,54,Sheffield,2023-01-20,Yes,Middle-Aged
C1141,Male,37,Bristol,2023-09-02,Yes,Adult
C1142,Female,23,Nottingham,2022-10-06,Yes,"Young Adult"
C1143,Female,37,Leeds,2023-01-16,No,Adult
C1144,Male,41,London,2022-06-29,Yes,Middle-Aged
C1145,Female,50,London,2022-04-05,No,Middle-Aged
C1146,Male,30,Bristol,2023-05-28,No,Adult
C1147,Female,38,Birmingham,2023-06-21,Yes,Adult
C1148,Male,31,London,2023-06-13,No,Adult
C1149,Male,18,Liverpool,2023-02-01,Yes,Teenager
C1150,Male,39,Nottingham,2023-09-01,Yes,Adult
C1151,Female,19,Liverpool,2022-04-16,Yes,Teenager
C1152,Male,30,Liverpool,2022-11-25,No,Adult
C1153,Female,46,Manchester,2023-06-30,No,Middle-Aged
C1154,Male,35,Manchester,2022-06-02,Yes,Adult
C1155,Male,31,Bristol,2023-09-30,No,Adult
C1156,Male,63,Liverpool,2022-10-05,Yes,Senior
C1157,Male,37,Bristol,2022-06-25,No,Adult
C1158,Male,19,Nottingham,2022-02-21,Yes,Teenager
C1159,Female,21,Manchester,2022-04-19,No,"Young Adult"
C1160,Male,63,Nottingham,2023-02-06,No,Senior
C1161,Female,30,Manchester,2022-11-16,No,Adult
C1162,Male,23,Nottingham,2023-08-05,Yes,"Young Adult"
C1163,Female,61,Nottingham,2023-04-12,No,Senior
C1164,Male,27,Liverpool,2022-08-26,No,"Young Adult"
C1165,Male,62,Bristol,2023-02-06,No,Senior
C1166,Female,19,Manchester,2023-04-10,No,Teenager
C1167,Female,48,Nottingham,2022-04-26,Yes,Middle-Aged
C1168,Female,56,Birmingham,2022-10-17,Yes,Middle-Aged
C1169,Male,38,Manchester,2023-02-20,No,Adult
C1170,Female,43,Sheffield,2023-06-30,Yes,Middle-Aged
C1171,Male,53,Birmingham,2023-09-28,No,Middle-Aged
C1172,Male,39,Leeds,2023-01-29,No,Adult
C1173,Female,52,Leeds,2023-03-22,Yes,Middle-Aged
C1174,Male,65,Nottingham,2023-11-10,Yes,Senior
C1175,Female,38,Manchester,2023-08-30,No,Adult
C1176,Female,43,Manchester,2022-06-30,Yes,Middle-Aged
C1177,Female,38,Nottingham,2023-09-03,Yes,Adult
C1178,Male,26,London,2022-04-03,Yes,"Young Adult"
C1179,Male,46,Liverpool,2023-11-08,No,Middle-Aged
C1180,Female,30,Leeds,2023-09-23,No,Adult
C1181,Female,45,Bristol,2022-11-03,Yes,Middle-Aged
C1182,Male,57,Sheffield,2023-08-20,Yes,Middle-Aged
C1183,Male,41,London,2022-10-29,Yes,Middle-Aged
C1184,Female,25,Liverpool,2023-07-28,Yes,"Young Adult"
C1185,Female,62,Sheffield,2022-08-29,No,Senior
C1186,Female,42,Sheffield,2023-01-27,Yes,Middle-Aged
C1187,Male,48,Birmingham,2023-11-10,Yes,Middle-Aged
C1188,Female,41,Sheffield,2023-07-23,Yes,Middle-Aged
C1189,Male,26,London,2022-10-23,Yes,"Young Adult"
C1190,Male,27,Nottingham,2023-10-26,No,"Young Adult"
C1191,Male,26,Sheffield,2022-05-20,No,"Young Adult"
C1192,Female,57,Birmingham,2023-09-11,No,Middle-Aged
C1193,Female,53,Nottingham,2023-06-06,No,Middle-Aged
C1194,Male,29,Sheffield,2022-12-30,Yes,"Young Adult"
C1195,Female,64,Leeds,2023-08-15,No,Senior
C1196,Female,20,London,2023-02-25,No,"Young Adult"
C1197,Male,55,Nottingham,2023-01-13,Yes,Middle-Aged
C1198,Female,47,Manchester,2022-05-26,Yes,Middle-Aged
C1199,Female,58,Manchester,2022-09-09,No,Middle-Aged
C1200,Male,39,London,2023-09-20,No,Adult
